metro_area,population,road_length (mi),land_area (sq mi),daily_vmt (mi/day)
"New York--Newark, NY--NJ--CT",18351295,44249,3450,288778000
"Los Angeles--Long Beach--Anaheim, CA",12150996,24934,1736,245216000
"Chicago, IL--IN",8608208,30071,2443,166441000
"Miami, FL",5502379,15688,1239,142662000
"Philadelphia, PA--NJ--DE--MD",5441567,21196,1981,108775000
"Dallas--Fort Worth--Arlington, TX",5121892,24104,1779,154569000
"Houston, TX",4944332,20786,1660,142176000
"Washington, DC--VA--MD",4586770,13550,1322,104833000
"Atlanta, GA",4515419,25388,2645,159660000
"Boston, MA--NH--RI",4181019,17645,1873,104844000
"Detroit, MI",3734090,15414,1337,90024000
"Phoenix--Mesa, AZ",3629114,16095,1147,105364000
"San Francisco--Oakland, CA",3281212,7361,524,57540000
"Seattle, WA",3059393,10845,1010,65910000
"San Diego, CA",2956746,7274,732,67629000
"Minneapolis--St. Paul, MN--WI",2650890,14380,1022,68174000
"Tampa--St. Petersburg, FL",2441770,10554,957,76507000
"Denver--Aurora, CO",2374203,9573,668,59557000
"Baltimore, MD",2203663,7493,717,56069000
"St. Louis, MO--IL",2150706,11114,924,64994000
"San Juan, PR",2148346,8073,867,23741000
"Riverside--San Bernardino, CA",1932666,6169,545,48098000
"Las Vegas--Henderson, NV",1886011,5796,417,45606000
"Portland, OR--WA",1849898,7463,524,37099000
"Cleveland, OH",1780673,7519,772,41206000
"San Antonio, TX",1758210,8371,597,51420000
"Pittsburgh, PA",1733853,9972,905,36252000
"Sacramento, CA",1723634,5909,471,35948000
"San Jose, CA",1664496,3874,286,30240000
"Cincinnati, OH--KY--IN",1624827,7333,788,43604000
"Kansas City, MO--KS",1519417,9400,678,48110000
"Orlando, FL",1510516,6602,598,56618000
"Indianapolis, IN",1487483,7716,706,55072000
"Virginia Beach, VA",1439666,7110,515,36875000
"Milwaukee, WI",1376476,6660,546,33569000
"Columbus, OH",1368035,5927,510,36289000
"Austin, TX",1362416,6970,523,44302000
"Charlotte, NC--SC",1249442,5714,741,42077000
"Providence, RI--MA",1190956,6293,545,25580000
"Jacksonville, FL",1065219,5965,530,39095000
"Memphis, TN--MS--AR",1060061,5463,497,28764000
"Salt Lake City--West Valley City, UT",1021243,3889,278,27015000
"Louisville/Jefferson County, KY--IN",972546,3905,477,21607000
"Nashville-Davidson, TN",969587,7806,563,51520000
"Richmond, VA",953556,4739,492,30689000
"Buffalo, NY",935906,4505,380,21625000
"Hartford, CT",924859,5067,516,24774000
"Bridgeport--Stamford, CT--NY",923311,3861,466,19592000
"New Orleans, LA",899703,3892,251,19539000
"Raleigh, NC",884891,4904,518,30672000
"Oklahoma City, OK",861505,5458,411,24334000
"Tucson, AZ",843168,4399,353,19538000
"El Paso, TX--NM",803086,3653,251,17926000
"Urban Honolulu, HI",802459,1249,170,13554000
"Birmingham, AL",749495,6253,530,32607000
"Albuquerque, NM",741318,4546,251,16307000
"McAllen, TX",728825,4137,358,16885000
"Omaha, NE--IA",725008,4012,271,16502000
"Dayton, OH",724091,4164,351,18894000
"Rochester, NY",720572,3537,324,17071000
"Allentown, PA--NJ",664651,3516,346,14460000
"Tulsa, OK",655479,4711,336,18385000
"Fresno, CA",654628,2548,171,12360000
"Sarasota--Bradenton, FL",643260,3593,327,20921000
"Springfield, MA--CT",621300,2943,349,12289000
"Concord, CA",615968,2093,204,15597000
"Albany--Schenectady, NY",594962,3184,296,15516000
"Baton Rouge, LA",594309,4080,367,19175000
"Mission Viejo--Lake Forest--San Clemente, CA",583681,1369,151,11453000
"Grand Rapids, MI",569935,3000,281,16675000
"Akron, OH",569499,3221,325,14134000
"New Haven, CT",562839,2721,306,13657000
"Colorado Springs, CO",559409,2536,188,12950000
"Knoxville, TN",558696,4816,438,23216000
"Columbia, SC",549777,3930,380,17883000
"Charleston--North Charleston, SC",548404,3779,293,18144000
"Ogden--Layton, UT",546026,2839,218,15214000
"Cape Coral, FL",530290,3355,330,19810000
"Bakersfield, CA",523994,2093,138,8938000
"Toledo, OH--MI",507643,2712,240,11821000
"Worcester, MA--CT",486514,2787,304,13498000
"Provo--Orem, UT",482819,2741,169,12952000
"Wichita, KS",472870,2958,215,11274000
"Palm Bay--Melbourne, FL",452791,2854,232,15956000
"Des Moines, IA",450070,2872,201,11293000
"Harrisburg, PA",444474,2605,260,12582000
"Murrieta--Temecula--Menifee, CA",441546,1676,162,9565000
"Little Rock, AR",431388,3940,258,17650000
"Poughkeepsie--Newburgh, NY--NJ",423566,3498,327,15417000
"Syracuse, NY",412317,2123,195,9578000
"Lancaster, PA",402004,2063,248,8669000
"Madison, WI",401661,2076,151,9247000
"Greenville, SC",400492,3428,320,11461000
"Reno, NV--CA",392141,1792,164,8985000
"Winston-Salem, NC",391024,3145,323,15682000
"Spokane, WA",387847,2086,164,8406000
"Youngstown, OH--PA",387550,2559,241,7937000
"Augusta-Richmond County, GA--SC",386787,3331,260,12958000
"Scranton, PA",381502,2176,171,7789000
"Chattanooga, TN--GA",381112,3008,300,13578000
"Port St. Lucie, FL",376047,1973,208,12676000
"Stockton, CA",370583,1172,93,7008000
"Oxnard, CA",367260,1007,84,5647000
"Denton--Lewisville, TX",366174,1893,145,11272000
"Modesto, CA",358172,1240,92,6159000
"Flint, MI",356218,2089,236,9778000
"Jackson, MS",351478,3544,242,14220000
"Boise City, ID",349684,2266,134,8427000
"Palm Coast--Daytona Beach--Port Orange, FL",349064,2580,179,13925000
"Durham, NC",347602,1639,182,10720000
"Indio--Cathedral City, CA",345580,1209,144,8067000
"Lancaster--Palmdale, CA",341219,1445,116,5575000
"Pensacola, FL--AL",340067,3002,233,13868000
"Victorville--Hesperia, CA",328454,2054,167,6410000
"Mobile, AL",326183,2617,223,11890000
"Corpus Christi, TX",320069,1586,120,7880000
"Kissimmee, FL",314071,1507,158,10908000
"Lansing, MI",313532,1545,158,6859000
"Fort Wayne, IN",313492,1749,172,12289000
"Greensboro, NC",311810,2219,185,13064000
"Bonita Springs, FL",310298,1516,187,11258000
"Fayetteville, NC",310282,1526,198,6410000
"Santa Rosa, CA",308231,1062,98,5998000
"Aguadilla--Isabela--San Sebastian, PR",306196,2077,239,2989000
"Ann Arbor, MI",306022,1295,160,8034000
"Shreveport, LA",298317,2130,185,10589000
"Rockford, IL",296863,2090,153,7249000
"Trenton, NJ",296668,1196,106,8186000
"Fayetteville--Springdale--Rogers, AR--MO",295083,3435,188,11431000
"Round Lake Beach--McHenry--Grayslake, IL--WI",290373,680,153,4928000
"Lexington-Fayette, KY",290263,1109,88,6372000
"Huntsville, AL",286692,2293,210,11793000
"Asheville, NC",280648,1820,265,8379000
"Davenport, IA--IL",280051,1827,138,6463000
"Canton, OH",279245,1933,166,6186000
"South Bend, IN--MI",278165,1749,161,6975000
"Antioch, CA",277634,903,81,4340000
"Springfield, MO",273724,1699,142,7687000
"Peoria, IL",266921,1723,144,5417000
"Reading, PA",266254,1210,104,5175000
"Fort Collins, CO",264465,1619,110,6487000
"Montgomery, AL",263907,1770,154,9358000
"Lakeland, FL",262596,1839,146,9556000
"Savannah, GA",260677,1795,165,11357000
"Lincoln, NE",258719,1789,88,5848000
"Santa Clarita, CA",258653,632,77,5860000
"Columbus, GA--AL",253602,1850,147,6663000
"Lafayette, LA",252720,2042,179,8153000
"Anchorage, AK",251243,938,85,3701000
"Atlantic City, NJ",248402,1636,125,6700000
"Eugene, OR",247421,1127,87,4598000
"Barnstable Town, MA",246695,2983,277,10134000
"Tallahassee, FL",240223,1253,127,6988000
"Conroe--The Woodlands, TX",239938,1886,133,11260000
"Lubbock, TX",237356,1698,96,6287000
"Salem, OR",236632,981,76,4671000
"Laredo, TX",235730,893,66,4055000
"York, PA",232045,1277,132,4547000
"Evansville, IN--KY",229351,1276,119,6431000
"Nashua, NH--MA",226400,1641,182,6475000
"Wilmington, NC",219957,1083,134,5319000
"Visalia, CA",219454,1022,63,4148000
"Killeen, TX",217630,1329,85,4726000
"Brownsville, TX",217585,991,82,4216000
"Appleton, WI",216154,1432,104,5623000
"Myrtle Beach--Socastee, SC--NC",215304,2032,190,8602000
"Concord, NC",214881,1593,180,7813000
"Thousand Oaks, CA",214811,734,86,5649000
"Aberdeen--Bel Air South--Bel Air North, MD",213751,1078,131,6295000
"Hickory, NC",212195,1634,262,5537000
"Kennewick--Pasco, WA",210975,1387,102,4638000
"Roanoke, VA",210111,1391,124,6222000
"Kalamazoo, MI",209703,1217,132,5599000
"Norwich--New London, CT--RI",209190,1342,152,5589000
"Gulfport, MS",208948,2214,165,7759000
"Green Bay, WI",206520,1364,105,5473000
"Portland, ME",203914,1264,136,5814000
"Huntington, WV--KY--OH",202637,1625,130,4819000
"Winter Haven, FL",201289,1501,134,7994000
"Bremerton, WA",198979,1160,136,3742000
"Avondale--Goodyear, AZ",197041,1266,88,7507000
"Amarillo, TX",196651,1433,81,4692000
"Erie, PA",196611,882,82,2602000
"Santa Barbara, CA",195861,649,56,4666000
"Waterbury, CT",194535,899,90,3876000
"Fort Walton Beach--Navarre--Wright, FL",191917,1425,121,5776000
"Gainesville, FL",187781,1096,87,4968000
"Salinas, CA",184809,498,49,2993000
"Hagerstown, MD--WV--PA",182696,1066,133,6098000
"Deltona, FL",182169,1239,96,5817000
"Lorain--Elyria, OH",180956,876,100,4191000
"Spartanburg, SC",180786,1856,190,7622000
"Cedar Rapids, IA",177844,1341,83,4135000
"Fargo, ND--MN",176676,1123,70,4164000
"Olympia--Lacey, WA",176617,967,106,4708000
"Waco, TX",172378,1298,90,6031000
"College Station--Bryan, TX",171345,866,71,4285000
"McKinney, TX",170030,1376,74,8896000
"North Port--Port Charlotte, FL",169541,2062,119,6261000
"Gastonia, NC--SC",169495,1133,139,5081000
"Danbury, CT--NY",168136,908,132,3909000
"High Point, NC",166485,1096,113,4613000
"Vallejo, CA",165074,515,42,3249000
"Santa Cruz, CA",163703,606,58,2938000
"Hemet, CA",163379,574,49,1808000
"Springfield, IL",161316,1168,92,3994000
"Muskegon, MI",161280,1087,112,3860000
"Clarksville, TN--KY",158655,887,110,4217000
"Manchester, NH",158377,806,86,4315000
"Binghamton, NY--PA",158084,1107,74,4062000
"Ocala, FL",156909,1660,112,6713000
"Sioux Falls, SD",156777,1162,64,3752000
"Medford, OR",154081,1076,65,3519000
"Charleston, WV",153199,1195,98,4422000
"Port Arthur, TX",153150,976,106,2401000
"Nampa, ID",151499,1073,69,4130000
"Topeka, KS",150003,1182,80,3564000
"Ponce, PR",149539,502,44,1583000
"New Bedford, MA",149443,846,55,3679000
"Sebastian--Vero Beach South--Florida Ridge, FL",149422,1123,97,3918000
"Spring Hill, FL",148220,1401,115,4575000
"Beaumont, TX",147922,1111,92,5139000
"Lafayette, IN",147725,671,64,2688000
"Champaign, IL",145361,614,47,2252000
"Marysville, WA",145140,741,82,3587000
"Houma, LA",144875,1179,91,3590000
"Elkhart, IN--MI",143592,1056,92,4058000
"Lake Charles, LA",143440,1270,127,5553000
"Panama City, FL",143280,1245,92,4568000
"Frederick, MD",141576,735,73,5026000
"Fredericksburg, VA",141238,876,78,6409000
"Arecibo, PR",139171,763,84,1597000
"Tuscaloosa, AL",139114,1210,90,4933000
"Macon, GA",137570,1253,98,5751000
"Merced, CA",136969,528,48,1886000
"Pueblo, CO",136550,1148,74,3018000
"Harlingen, TX",135663,1025,83,4028000
"Yuma, AZ--CA",135267,931,59,2951000
"Racine, WI",133700,616,49,2460000
"Fairfield, CA",133683,409,39,3981000
"Warner Robins, GA",133109,1136,101,4631000
"Bloomington--Normal, IL",132600,776,49,2755000
"Leesburg--Eustis--Tavares, FL",131337,1074,94,4436000
"Gainesville, GA",130846,1120,126,5371000
"Santa Maria, CA",130447,393,29,1906000
"Tyler, TX",130247,1064,90,3618000
"Yakima, WA",129534,616,60,2256000
"Athens-Clarke County, GA",128754,1002,98,4467000
"Las Cruces, NM",128600,1028,65,2828000
"Grand Junction, CO",128124,864,79,2458000
"Odessa, TX",126405,1165,59,4425000
"Saginaw, MI",126265,790,71,2969000
"Simi Valley, CA",125206,365,31,2249000
"Columbia, MO",124748,784,62,3047000
"Kenosha, WI--IL",124064,589,51,2558000
"Fort Smith, AR--OK",122947,1101,71,4287000
"Mauldin--Simpsonville, SC",120577,1014,84,4283000
"Johnson City, TN",120415,1027,110,3534000
"Duluth, MN--WI",120378,1121,70,2922000
"Burlington, NC",119911,889,90,4475000
"South Lyon--Howell, MI",119509,785,103,4684000
"San German--Cabo Rojo--Sabana Grande, PR",118199,727,95,1126000
"Greeley, CO",117825,634,41,2278000
"Midland, TX",117807,946,53,4264000
"Greenville, NC",117798,578,65,1969000
"Redding, CA",117731,640,71,2518000
"Utica, NY",117328,1206,62,4144000
"Leominster--Fitchburg, MA",116960,945,65,3305000
"Yuba City, CA",116719,522,39,1841000
"Lynchburg, VA",116636,902,89,3597000
"Monroe, LA",116533,923,82,3647000
"Billings, MT",114773,905,53,2610000
"Boulder, CO",114591,447,32,2077000
"Bellingham, WA",114473,528,48,2285000
"Seaside--Monterey, CA",114237,502,39,2571000
"Kailua (Honolulu County)--Kaneohe, HI",113682,282,39,2044000
"Waterloo, IA",113418,877,62,2223000
"Lady Lake--The Villages, FL",112991,1041,71,3662000
"Dover, DE",110769,671,74,2985000
"St. Cloud, MN",110621,733,50,2275000
"Abilene, TX",110421,881,55,2942000
"Waldorf, MD",109919,566,68,2866000
"Mayaguez, PR",109572,542,54,1038000
"Burlington, VT",108740,577,62,2797000
"Bloomington, IN",108657,508,45,2265000
"Pottstown, PA",107682,668,79,1962000
"Rochester, MN",107677,698,51,2513000
"El Centro--Calexico, CA",107672,370,30,1278000
"Iowa City, IA",106621,533,46,2216000
"Kingsport, TN--VA",106571,982,114,3439000
"Sioux City, IA--NE--SD",106494,785,54,2187000
"Texas City, TX",106383,1060,76,4913000
"Jacksonville, NC",105419,411,71,2056000
"Rock Hill, SC",104996,1439,96,5888000
"Norman, OK",103898,604,45,2564000
"Eau Claire, WI",102852,875,69,2981000
"La Crosse, WI--MN",100868,638,51,2266000
"Holland, MI",99941,568,59,2563000
"Turlock, CA",99904,380,26,2220000
"Wichita Falls, TX",99437,662,50,2083000
"Longview, TX",98884,929,83,3012000
"Gilroy--Morgan Hill, CA",98413,361,45,2786000
"Coeur d'Alene, ID",98378,754,47,2600000
"St. George, UT",98370,815,45,3819000
"Chico, CA",98176,386,34,1435000
"Salisbury, MD--DE",98081,712,71,2536000
"Middletown, OH",97503,536,56,2366000
"Albany, GA",95779,853,71,2607000
"Vineland, NJ",95259,787,62,2992000
"Logan, UT",94983,542,44,1786000
"Lawton, OK",94457,544,44,1428000
"Decatur, IL",93863,763,59,1748000
"Vacaville, CA",93141,324,27,2384000
"San Angelo, TX",92984,726,47,1791000
"Terre Haute, IN",92742,821,53,2881000
"Charlottesville, VA",92359,362,35,2506000
"Slidell, LA",91151,778,59,2970000
"Yauco, PR",90899,458,47,745000
"Longmont, CO",90897,418,26,1637000
"Idaho Falls, ID",90733,598,45,2036000
"Muncie, IN",90580,604,47,1892000
"Temple, TX",90390,834,54,4574000
"Jackson, MI",90057,595,58,2160000
"Florence, SC",89557,935,71,3146000
"Santa Fe, NM",89284,734,53,2104000
"Mandeville--Covington, LA",88925,773,66,4625000
"Blacksburg, VA",88542,784,51,2140000
"Portsmouth, NH--ME",88200,586,93,2881000
"Anderson, IN",88133,796,66,3123000
"Dover--Rochester, NH--ME",88087,405,66,1881000
"Lawrence, KS",88053,465,30,1802000
"Hanford, CA",87941,408,28,1347000
"Tracy, CA",87569,282,22,1499000
"State College, PA",87454,343,29,1182000
"Port Huron, MI",87106,549,60,1728000
"Springfield, OH",85256,541,49,2172000
"Dalton, GA",85239,846,81,3667000
"Fajardo, PR",85225,399,51,868000
"Lee's Summit, MO",85081,526,41,2519000
"Prescott Valley--Prescott, AZ",84744,1135,51,3341000
"Napa, CA",83913,293,26,1191000
"Bend, OR",83794,527,40,1845000
"Manteca, CA",83578,320,22,2254000
"Alexandria, LA",82804,719,66,2223000
"Joplin, MO",82775,753,64,2263000
"Missoula, MT",82157,597,45,1794000
"Bismarck, ND",81955,766,39,1999000
"Kankakee, IL",81926,451,37,1227000
"Livermore, CA",81624,338,24,2426000
"Rapid City, SD",81251,703,42,2171000
"Wheeling, WV--OH",81249,748,47,2388000
"St. Joseph, MO--KS",81176,573,42,1750000
"Homosassa Springs--Beverly Hills--Citrus Springs, FL",80962,1435,90,3621000
"Juana Diaz, PR",80928,382,48,744000
"Hattiesburg, MS",80358,849,69,2762000
"Guayama, PR",80155,368,41,461000
"Altoona, PA",79930,472,37,1455000
"Anniston--Oxford, AL",79796,1129,87,3096000
"Lafayette--Louisville--Erie, CO",79407,474,40,1537000
"Madera, CA",78413,320,22,1108000
"Battle Creek, MI",78393,622,53,2093000
"Bowling Green, KY",78306,516,45,2398000
"Texarkana--Texarkana, TX--AR",78162,873,64,2544000
"Lebanon, PA",77086,434,45,920000
"Valdosta, GA",77085,690,56,3254000
"Florence, AL",77074,828,62,2540000
"Newark, OH",76068,462,42,1824000
"Anderson, SC",75702,1409,74,3763000
"Williamsburg, VA",75689,485,56,3090000
"Mansfield, OH",75250,599,50,2057000
"Lake Jackson--Angleton, TX",74830,489,42,1486000
"Auburn, AL",74741,666,50,3042000
"Wausau, WI",74632,740,47,2208000
"Oshkosh, WI",74495,395,31,1743000
"Cheyenne, WY",73588,685,35,1789000
"Watsonville, CA",73534,196,23,1028000
"Elizabethtown--Radcliff, KY",73467,502,57,1789000
"Sumter, SC",73107,839,66,1863000
"Lima, OH",72852,520,52,1798000
"Davis, CA",72794,197,14,1153000
"Westminster--Eldersburg, MD",72714,486,58,1770000
"Flagstaff, AZ",71957,421,35,1917000
"Jackson, TN",71880,592,51,2636000
"Camarillo, CA",71772,263,22,1955000
"Florida--Imbery--Barceloneta, PR",71747,339,46,929000
"Sheboygan, WI",71313,426,33,1193000
"Weirton--Steubenville, WV--OH--PA",70889,622,51,1561000
"Bay City, MI",70585,468,40,1725000
"Owensboro, KY",70543,430,34,1412000
"Decatur, AL",70436,769,58,2650000
"Morgantown, WV",70350,374,37,1558000
"Porterville, CA",70272,296,21,677000
"Pocatello, ID",69809,429,31,1371000
"Janesville, WI",69658,528,31,1576000
"Bristol--Bristol, TN--VA",69501,766,64,3443000
"Winchester, VA",69449,431,37,2752000
"St. Augustine, FL",69173,437,43,1871000
"Johnstown, PA",69014,437,39,877000
"Hilton Head Island, SC",68998,280,68,1827000
"Dothan, AL",68781,835,56,2887000
"Lodi, CA",68738,238,16,1448000
"DeKalb, IL",68545,354,26,1159000
"West Bend, WI",68444,494,38,1619000
"Rocky Mount, NC",68243,472,46,1500000
"Elmira, NY",67983,456,38,1531000
"Carbondale, IL",67821,717,49,1701000
"Dubuque, IA--IL",67818,415,34,1151000
"Hammond, LA",67629,852,77,3179000
"Parkersburg, WV--OH",67229,520,42,1372000
"Wenatchee, WA",67227,409,31,1241000
"Harrisonburg, VA",66784,366,33,2146000
"Cleveland, TN",66777,853,55,3190000
"Zephyrhills, FL",66609,404,43,1745000
"Hanover, PA",66301,457,36,1368000
"Monessen--California, PA",66086,596,45,1354000
"Michigan City--La Porte, IN--MI",66025,496,39,1693000
"Glens Falls, NY",65443,547,42,1857000
"Jonesboro, AR",65419,811,47,2263000
"Conway, AR",65277,708,40,2748000
"Great Falls, MT",65207,479,31,1039000
"El Paso de Robles (Paso Robles)--Atascadero, CA",65088,465,31,2034000
"Casper, WY",64548,486,30,1222000
"Fairbanks, AK",64513,757,55,1600000
"Gadsden, AL",64172,1034,72,2526000
"Saratoga Springs, NY",64100,537,45,2824000
"Petaluma, CA",64078,230,21,1292000
"Twin Rivers--Hightstown, NJ",64037,318,35,2295000
"Beckley, WV",64022,722,61,2017000
"Longview, WA--OR",63952,363,33,1940000
"Beloit, WI--IL",63835,468,34,1446000
"Los Lunas, NM",63758,653,69,1144000
"Victoria, TX",63683,504,29,1479000
"Mount Vernon, WA",62966,317,34,1348000
"Corvallis, OR",62433,305,21,796000
"Kokomo, IN",62182,439,36,1473000
"Sherman, TX",61900,611,36,2080000
"Sebring--Avon Park, FL",61625,908,46,2175000
"Grand Forks, ND--MN",61270,352,24,913000
"Bangor, ME",61210,411,43,1609000
"Goldsboro, NC",61054,438,53,1184000
"Benton Harbor--St. Joseph--Fair Plain, MI",61022,481,47,2069000
"Rome, GA",60851,676,48,2269000
"Ames, IA",60438,264,23,823000
"Lewiston, ME",59397,554,35,1596000
"San Luis Obispo, CA",59219,187,20,1042000
"Pittsfield, MA",59124,420,34,1282000
"Morristown, TN",59036,579,60,2013000
"Midland, MI",59014,541,45,1841000
"Lexington Park--California--Chesapeake Ranch Estates, MD",58875,312,50,1119000
"Jefferson City, MO",58533,407,40,1659000
"Carson City, NV",58079,413,23,1260000
"Watertown, NY",57840,542,41,1340000
"Mankato, MN",57584,421,26,1268000
"Kingston, NY",57442,812,43,4000000
"Daphne--Fairhope, AL",57383,758,55,2909000
"Albany, OR",56997,326,24,1344000
"Hazleton, PA",56827,361,31,1065000
"Staunton--Waynesboro, VA",56611,520,38,2570000
"Williamsport, PA",56142,336,27,1027000
"Kahului, HI",55934,158,17,1361000
"Walla Walla, WA--OR",55805,326,28,614000
"Woodland, CA",55513,189,12,769000
"Hot Springs, AR",55121,872,45,1795000
"Columbus, IN",54933,435,27,2121000
"Fond du Lac, WI",54901,398,29,1347000
"Manhattan, KS",54622,374,21,1017000
"Titusville, FL",54386,377,30,1846000
"Delano, CA",54372,160,10,624000
"East Stroudsburg, PA--NJ",54316,397,52,1931000
"Ithaca, NY",53661,271,25,884000
"Bloomsburg--Berwick, PA",53618,393,33,1290000
"Pine Bluff, AR",53495,585,37,1736000
"Lake Havasu City, AZ",53427,492,30,996000
"Farmington, NM",53049,354,35,1063000
"Cape Girardeau, MO--IL",52900,457,35,1667000
"San Marcos, TX",52826,319,27,2862000
"Sierra Vista, AZ",52745,389,30,799000
"Cartersville, GA",52477,595,51,2902000
"Arroyo Grande--Grover Beach, CA",52000,260,23,1357000
"Lewiston, ID--WA",51924,509,28,768000
"Cumberland, MD--WV--PA",51899,421,33,1417000
"Lompoc, CA",51509,181,11,517000
"Hinesville, GA",51456,320,31,1098000
"Uniontown--Connellsville, PA",51370,444,39,1406000
"Casa Grande, AZ",51331,453,22,1722000
"Villas, NJ",51291,456,34,1226000
"Monroe, MI",51240,315,32,1880000
"Brunswick, GA",51024,561,43,2686000
"Chambersburg, PA",50887,441,37,1491000
"Grants Pass, OR",50520,460,27,1774000
"New Bern, NC",50503,332,43,924000
"Grand Island, NE",50440,341,28,845000
